Sale,resolution,ppi,cpu core,cpu freq,ram,RearCam,Front_Cam,battery,thickness
621,5.2,335.0,5,1.5,2.2,10.4,4.5,2842.0,8.9
621,5.2,335.0,5,1.5,2.2,8.0,5.0,2842.0,2.8
621,5.2,335.0,5,1.5,2.2,10.4,4.5,2842.0,8.9
621,5.2,335.0,5,1.5,2.2,9.400000000000004,5.299999999999997,2842.0,7.900000000000004
